{
"name": "Support fabricator",
"type": "UnitFactory",
"regionSuffix": "-dark",
"health": 615,
"size": 3,
"configurable": true,
"consumes": {
"power": 2.5
},
"plans": [
  {
    "unit": "erekirmono",
    "requirements": [
      "silicon/60",
      "beryllium/75"
    ],
    "time": 1200
  },
  {
    "unit": "kimaris",
    "requirements": [
      "silicon/50",
      "beryllium/45"
    ],
    "time": 2000
  }
],
"category": "units",
"requirements": [
  "graphite/200",
  "silicon/260",
  "beryllium/320"
],
"research": "tank-fabricator"
}