{
    "name": "Fusion engine",
    "description": "A small yet powerful auxillary power unit. It requires water and beryllium to run, produces [orange]beryllium Sludge[gold]",
    "research": "turbine-condenser",
    "type": "ConsumeGenerator",
    "health": 500,
    "size": 3,
    "category": "power",
    "consumes": {
        "items": ["beryllium/2"],
        "liquids": ["water/0.09"]
        },
    "generateEffect": "explosion",
    "consumeEffect": "explosion",
    "liquidCapacity": 24,
    "powerProduction": 3.5,
    "requirements": [
        "beryllium/300",
        "silicon/250",
        "graphite/200"
      ],
        "outputLiquid":
        "beryllium-cum/0.1"
    
        
    }
    