{
  "name": "Jackhammer drill",
  "description": "A less powerful version of [orange/Impact Drill], requires only power.",
  "type": "Drill",
  "category": "production",
  "shake": 2,
  "requirements": [
  "beryllium/60", 
  "graphite/60", 
  "silicon/70" ],
  "research": "plasma-bore",
  "tier": 5,
  "drillTime": 650,
  "liquidBoostIntensity": 1.7,
  "warmupSpeed": 1,
  "drillEffect": "mine",
  "updateEffect": "pulverizeSmall",
  "drillSound": "obnoxiousjackhammer",
  "blockedItem": "thorium",
  "consumes": {
    "power": 1
},
"itemCapacity": 10,
"size": 2
}