{   
    "research": "breach",
    "type": "itemTurret",
    "name": "Volley",
    "description": "A low tier turret to defend early bases. Accepts [orange]beryllium[gold] and [orange]silicon[gold], latter being the more efficient ammo type.",
    "targetAir": true,
    "targetGround": true,
    "health":600,
    "size":2,
    "reload": 39,
    "shootCone": 40,
    "rotateSpeed": 1.4,
    "shots": 12,
    "range": 240,
    "burstSpacing": 16,
    "recoil": 4,
    "shoot": {
        "shots": 6,
        "shotDelay": 2
      },
    "ammoTypes": {
       "silicon": {
           "type": "BasicBulletType",
           "speed": 10,
           "damage": 12,
           "width": 10,
           "height": 15,
           "lifetime": 35,
           "range": 240,
           "shootEffect": "shootBig",
           "smokeEffect": "shootBigSmoke",
           "ammoMultiplier": 4,
           "inaccuracy": 1,
           "impact": true,
           "buildingDamageMultiplier": -2
           },
       "beryllium": {
           "type": "BasicBulletType",
           "inaccuracy": 1.7,
           "speed": 6,
           "damage": 10,
           "lifetime": 25,
           "shootEffect": "shootBig",
           "smokeEffect": "shootBigSmoke",
           "ammoMultiplier": 6,
           "width": 7,
           "height": 10,
           "impact": true,
           "buildingDamageMultiplier": -2
       }
},
"coolant":{
  "type": "ConsumeLiquid",
  "liquid": "water",
  "amount": 0.1,
  "liquidCapatacity": 5,
  "liquidBoostIntensity": 1,
  "optional": true,
  "booster": true
},

    "requirements": [
        { "item": "beryllium", "amount":50 },
        { "item": "silicon", "amount": 30 },
        { "item": "graphite", "amount": 45 }
],

     
     "category": "turret",
      "shootSound": "reaver"
}