{
    "name": "Support Refabricator",
    "description": "Upgrades the support units to a higher tier.",
    "type": "Reconstructor",
    "category": "units",
    "research": "tank-refabricator",
    "regionSuffix": "-dark",
    "health": 750,
    "size": 3,
    "constructTime": 1300,
    "upgrades":  [
        ["erekirmono", "shelling"], ["kimaris", "kimarisMAX"]
      ],
      "consumes": {
        "power": 2.8,
        "liquid":{
            "liquid": "hydrogen",
            "amount": 0.09
        },
        "items": {
          "items": [
          "silicon/50",
          "beryllium/50"
          ]
        }
        },
        "requirements": [
          "beryllium/180",
          "silicon/270",
          "tungsten/50"
        ]
}