{   
    "research": "breach",
    "type": "itemTurret",
    "name": "Cerber",
    "description": "The Cerber is a medium tier auto-cannon turret, works best in tight spaces.",
    "targetAir": false,
    "targetGround": true,
    "health":2750,
    "size":3,
    "inaccuracy": 4.5,
    "shootCone": 20,
    "rotateSpeed": 0.5,
    "shots": 12,
    "range": 180,
    "shake": 4,
    "shoot": {
        "type": "ShootAlternate",
        "spread": 15
    },
    "ammoTypes": {
       "graphite": {
           "type": "BasicBulletType",
           "targetAir": true,
           "speed": 7,
           "damage": 22,
           "width": 12,
           "height": 15,
           "reload": 20,
           "lifetime": 10,
           "shootEffect": "shootBig",
           "smokeEffect": "shootBigSmoke",
           "ammoMultiplier": 6,
           "buildingDamageMultiplier": -2,
           "knockback": 4,
           "fragBullet": {
            "type": "BasicBulletType",
            "width": 12,
            "height": 15,
            "damage": 22,
            "speed": 7,
            "lifetime": 10,
            "dpsEstimate": true
           },
           "fragRandomSpread": 0,
            "fragSpread": 15,
            "fragAngle": 2,
            "fragBullets": 6,
            "fragVelocityMin": 1
           },
       "thorium": {
           "type": "BasicBulletType",
           "targetAir": false,
           "speed": 10,
           "damage": 45,
           "reload": 5,
           "lifetime": 20,
           "shootEffect": "shootBig",
           "smokeEffect": "shootBigSmoke",
           "ammoMultiplier": 6,
           "pierce": true,
           "pierceCap": 3,
           "width": 17,
           "height": 25,
           "buildingDamageMultiplier": -2,
           "dpsEstimate": true
       }
},
"coolant":{
  "type": "ConsumeLiquid",
  "liquid": "water",
  "amount": 0.1,
  "liquidCapatacity": 5,
  "liquidBoostIntensity": 1,
  "optional": true,
  "booster": true
},

    "requirements": [
        { "item": "beryllium", "amount": 250 },
        { "item": "silicon", "amount": 90 },
        { "item": "graphite", "amount": 250 }
],

     
     "category": "turret",
      "shootSound": "artillery"
}