{
"name": "Rhe'kin",
"isEnemy": true,
"research": "stell",
"health": "17000",
"armor": "25",
"template": "ErekirUnitType",
"type": "mech",
"flying": false,
"description": "A Devastator-class dreadnought possessing tremendous firepower made specifically to breach fortifications.",
"hitSize": 96,
"speed": 1,
"rotateSpeed": 0.5,
"rotateMoveFirst": true,
"accel": 0.4,
"mechLegColor": "44413c",
"flipSprite": true,
"maxSpeed": 3,
"stepShake": 5,
"fogRadius": 40,
"mechFrontSway": 8,
"faceTargets": true,
"mechStepParticles": true,
"weapons":[
    {
        "name": "dreadnaught-loading",
        "layerOffset": 1.0,
        "y":24,
        "x": 24,
        "display": false,
        "reload": 1000,
        "mirror": false,
        "targetAir":false,
        "targetGround":false,
        "recoil": 44,
        "recoilTime": 1000,
        "rotate": false,
        "rotateSpeed": 0.7,
        "rotationLimit": 30,
        "bullet": {
            "type": "BasicBulletType",
            "lifetime": 0.01,
            "width": 0,
            "length": 0
        
        }
    },
    {
        "name": "dreadnaught-loading",
        "layerOffset": 1.0,
        "y":24,
        "x": -24,
        "display": false,
        "reload": 985,
        "mirror": false,
        "targetAir":false,
        "targetGround":false,
        "recoil": 44,
        "recoilTime": 1000,
        "rotate": false,
        "rotateSpeed": 0.7,
        "rotationLimit": 30,
        "bullet": {
            "type": "BasicBulletType",
            "lifetime": 0.01,
            "width": 0,
            "length": 0
        
        }
    },
    {"name": "dreadnaught-maingunv2",
    "layerOffset": 1.0,
    "y": 24,
    "x": 24,
    "shootY": 100,
    "recoil": 7,
    "display": true,
    "reload": 1000,
    "shootCone": 10,
    "shake": 6,
    "recoilTime": 60,
    "targetGround": true,
    "targetAir": false,
    "shootSound": "laser",
    "mirror": false,
    "rotate": true,
    "rotationLimit": 0.01,
    "bullet": {
        "type": "LaserBulletType",
        "pierce": true,
        "laserWidth": 120,
        "width": 96,
        "length": 350,
    "pierceCap": 20,
    "pierceBuilding": true,
    "laserAbsorb": true,
    "makeFire": true,
    "lightning": 5,
    "lightningLength": 30,
    "lightningDamage": 150,
    "damage": 3000,
    "range": 100,
    "colors": ["f4ca16", "fcf75e", "ffc40c"]
    }

},
{"name": "dreadnaught-maingunv2",
    "layerOffset": 1.0,
    "y": 24,
    "x": -24,
    "shootY": 100,
    "recoil": 7,
    "display": false,
    "reload": 985,
    "shootCone": 10,
    "shake": 6,
    "recoilTime": 60,
    "targetGround": true,
    "targetAir": false,
    "shootSound": "laser",
    "mirror": false,
    "rotate": true,
    "rotationLimit": 0.01,
    "bullet": {
        "type": "LaserBulletType",
        "pierce": true,
        "laserWidth": 120,
        "width": 96,
        "length": 350,
    "pierceCap": 20,
    "pierceBuilding": true,
    "laserAbsorb": true,
    "makeFire": true,
    "lightning": 5,
    "lightningLength": 30,
    "lightningDamage": 200,
    "damage": 3000,
    "range": 100,
    "colors": ["f4ca16", "fcf75e", "ffc40c"]
    }

},
{ "name": "dreadnaught-aa",
"layerOffset": 1.0,
"recoil": 4,
"x": 16,
"y": -16,
"shootY": 25,
"display": true,
"targetGround": false,
"targetAir": true,
"reload": 4,
"shootCone": 80,
"shake": 2,
"mirror": false,
"rotate": true,
"rotateSpeed": 1.5,
"inaccuracy": 7,
"controllable": false,
"aiControllable": true,
"ignoreRotation": true,
"autoTarget": true,
"range": 60,
"shootSound": "dreadnaught-gatling",
    "shoot": {
        "type": "ShootAlternate",
        "spread": 7
    },
"bullet": {
    "type": "FlakBulletType",
    "splashDamage": 65,
    "splashDamageRadius": 34,
    "bulletShrink": 5,
    "damage": 65,
    "fragBullets": 9,
    "range": 60,
    "lifetime": 90,
    "speed": 7,
    "width": 7,
    "length": 9

}
},
{
    "name": "dreadnaught-artillery",
    "layerOffset":-1.0,
    "x": -63,
    "recoil": 8,
    "shootY": 63,
    "rotate": true,
    "rotateSpeed": 0.2,
    "rotationLimit": 20,
    "reload": 65,
    "shootCone": 20,
    "targetAir": false,
    "targetGround":true,
    "mirror": true,
    "range": 50,
    "inaccuracy": 4,
    "shootSound": "artillery",
    "shootEffect": "shootTitan",
    "hitEffect": "massiveExplosion",
    "bullet":{
        "type": "ArtilleryBulletType",
        "speed": 4,
        "lifetime": 120,
        "damage": 750,
        "splashDamage": 780,
        "splashDamageRadius":50,
        "width": 20,
        "height": 30,
        "hitEffect": "massiveExplosion",

        "fragBullet": {
            "type": "BasicBulletType",
            "width": 12,
            "height": 15,
            "damage": 350,
            "speed": 8,
            "lifetime": 10,
            "hitEffect": "massiveExplosion"
           },
           "fragRandomSpread": 0,
            "fragSpread": 145,
            "fragAngle": 26,
            "fragBullets": 10,
            "fragVelocityMin": 1
    },
    "shoot": {
        "type": "ShootAlternate",
        "spread": 14
    }
},
{ "name": "dreadnaught-aa",
"layerOffset": 1.0,
"recoil": 4,
"x": -16,
"y": -16,
"shootY": 25,
"display": true,
"targetGround": false,
"targetAir": true,
"reload": 4,
"shootCone": 80,
"shake": 2,
"mirror": false,
"rotate": true,
"rotateSpeed": 1.5,
"inaccuracy": 7,
"controllable": false,
"aiControllable": true,
"ignoreRotation": true,
"autoTarget": true,
"range": 60,
"shootSound": "dreadnaught-gatling",
    "shoot": {
        "type": "ShootAlternate",
        "spread": 7
    },
"bullet": {
    "type": "FlakBulletType",
    "splashDamage": 65,
    "splashDamageRadius": 34,
    "bulletShrink": 5,
    "damage": 95,
    "fragBullets": 9,
    "range": 60,
    "lifetime": 90,
    "speed": 7,
    "width": 7,
    "length": 9

}
},
{
    "name": "dreadnaught-aux",
    "layerOffset":-1.0,
    "x": 38,
    "y": -49,
    "baseRotation": 200,
    "shootY": 24,
    "reload": 90,
    "rotate":true,
    "rotateSpeed":1.2,
    "shootCone": 20,
    "rotationLimit": 85,
    "range":10,
    "targetAir":false,
    "targetGround": true,
    "shootSound":"dreadnaught-gatling",
    "controllable": false,
    "aiControllable": true,
    "ignoreRotation": true,
    "autoTarget": true,
    "bullet":{
       "type":"BasicBulletType",
       "damage": 60,
       "inaccuracy": 3,
       "lifetime": 35,
       "width": 10,
       "length": 12,
       "speed": 7,
       "layerOffset":-1.0,
       "shake":4
    },
    "shoot": {
        "shots": 12,
        "shotDelay": 1
      }
    
    }
]
}