{
    "name": "Trophallaxis",
    "description": "A weak unarmed mining drone.",
    "template": "ErekirUnitType",
    "type": "flying",
    "flying": true,
    "canAttack": false,
    "defaultCommand": "mine",
    "defaultController": "MinerAI",
    "controller": "MinerAI",
    "speed": 2,
    "rotateSpeed": 2,
    "health": 265,
    "mineRange": 30,
    "strafePenalty": 0.5,
    "itemCapacity": 30,
    "range": 50,
    "mineTier": 5,
    "mineSpeed": 2,
    "mineWalls": true,
    "mineFloor": true,
    "mineSound": "minebeam",
    "mineItems": [
        "beryllium", "tungsten", "graphite"
    ],
    "research": "stell"

}