{
    "name": "Joust",
    "description": "Uses a shield projector and a hardened polymer lance. Heals nearby allies. Terrain is no problem with it's boosters.",
    "type": "mech",
    "template": "ErekirUnitType",
    "research": "stell",
    "health": 800,
    "armor": 8,
    "speed": 1.2,
    "fogRadius": 25,
    "boostMultiplier": 2,
    "accel": 0.5,
    "canBoost": true,
    "targetAir":false,
    "targetGround":true,
    "rotateSpeed": 2,
    "flipSprite": true,
    "mechFrontSway": 0.3,
    "faceTargets": true,
    "mechStepParticles": true,
    "mechLegColor": "44413c",
    "omnimovement": true,
    "range": 30,
    "abilities": [
        {
        "display": true,
        "type": "ShieldArcAbility",
        "shieldHealth": 350,
        "cooldown": 200,
        "absorbEffect": "absorb",
        "shieldBreakEffect": "shieldBreak",
        "length": 10,
        "width": 50,
        "padSize": 70,
        "radius": 10,
        "angle": 360,
        "max": 600,
        "whenShooting": false
        },
        {
            "display": true,
            "type": "RepairFieldAbility",
            "reload": 120,
            "range": 80,
            "healEffect": "heal",
            "activeEffect": "healWaveDynamic",
            "amount": 5
        }
    ],
    "weapons":[{
        "name": "kimaris-lance",
        "reload": 60,
        "recoil": -10,
        "pierce": true,
        "pierceCap": 3,
        "x": 1,
        "y": 4.5,
        "shootX": 4,
        "shootY": -3,
        "mirror": false,
        "rotate": true,
        "rotationLimit": 45,
        "rotateSpeed": 1,
        "minRange": 20,
        "bullet": {
            "type": "RailBulletType",
            "length": 30,
            "damage": 35
        }
    },
{
    "name": "kimaris-head",
    "rotate": true,
    "rotationLimit": 90,
    "mirror": false,
    "rotateSpeed": 1,
    "display": false,
    "reload": 10000,
    "bullet": {
        "type": "railBulletType",
        "length": 0,
        "damage": 0
    }
}]

}