{
    "name": "Cavalorn",
    "description": "A stronger version of Joust. With a smaller shield, it now uses a short range stun gun that slows down enemies.",
    "type": "mech",
    "template": "ErekirUnitType",
    "research": "stell",
    "health": 1200,
    "armor": 12,
    "speed": 1,
    "fogRadius": 25,
    "boostMultiplier": 2.2,
    "accel": 0.5,
    "canBoost": true,
    "targetAir":false,
    "targetGround":true,
    "rotateSpeed": 2,
    "flipSprite": true,
    "mechFrontSway": 0.3,
    "mechStride": 6,
    "mechStepParticles": true,
    "mechLegColor": "44413c",
    "omnimovement": true,
    "range": 50,
    "weapons": [{
        "name": "kimaris-lance3",
        "layerOffset": -1,
        "reload": 120,
        "recoil": -20,
        "pierce": true,
        "ignoreRotation": true,
        "faceTarget": false,
        "x": -1,
        "y": 10,
        "shootX": 13,
        "pierceCap": 6,
        "mirror": false,
        "rotate": true,
        "rotationLimit": 45,
        "rotateSpeed": 1,
        "shootCone": 1,
        "bullet": {
            "type": "RailBulletType",
            "length": 60,
            "damage": 130
        }
    },
    {
        "name": "kimashotty",
        "layerOffset": -1,
        "reload": 60,
        "recoil": 5,
        "x": -15,
        "faceTarget": false,
        "shootX": -2,
        "targetGround": true,
        "ignoreRotation": true,
        "targetAir": true,
        "pierce": true,
        "pierceCap": 6,
        "mirror": false,
        "rotate": true,
        "rotationLimit": 45,
        "rotateSpeed": 1,
        "shootCone": 90,
        "shootSound": "lightningShoot",
        "lightningColor":  "#98FB98",
            "lightningLength": 25,
            "lightning": 8,
            "lightningDamage": 5,
            "lightningCone": 5,
            "status": "slow",
            "statusDuration": 500,
        "bullet": {
            "type": "LaserBulletType",
            "width": 5,
            "length": 11,
            "lightningColor":  "#98FB98",
            "lightningLength": 11,
            "lightning": 8,
            "damage": 5,
            "lightningDamage": 2,
            "lightningCone": 5,
            "status": "slow",
            "statusDuration": 500
        }
    }
    
],
"abilities": [{
    "display": true,
        "type": "ShieldArcAbility",
        "shieldHealth": 750,
        "cooldown": 200,
        "absorbEffect": "absorb",
        "shieldBreakEffect": "shieldBreak",
        "length": 6,
        "width": 40,
        "padSize": 10,
        "radius": 6,
        "angle": 75,
        "max": 600,
        "whenShooting": false
},
{
    "display": true,
    "type": "RepairFieldAbility",
    "reload": 120,
    "range": 80,
    "healEffect": "heal",
    "activeEffect": "healWaveDynamic",
    "amount": 7
}
]
        
}