{
    "name": "Chevalier",
    "description": "A stronger version of Cavalorn. With a smaller shield, it now uses a short range stun gun that slows down enemies.",
    "type": "mech",
    "template": "ErekirUnitType",
    "research": "stell",
    "health": 3200,
    "armor": 18,
    "speed": 0.5,
    "fogRadius": 30,
    "boostMultiplier": 3,
    "accel": 0.5,
    "canBoost": true,
    "targetAir":false,
    "faceTarget": false,
    "targetGround":true,
    "rotateSpeed": 2,
    "omnimovement": true,
    "flipSprite": true,
    "mechFrontSway": 0.3,
    "mechStride": 6,
    "mechStepParticles": true,
    "mechLegColor": "44413c",
    "autoFindTarget": true,
    "weapons": [{
        "name": "kimaris-lance4",
        "layerOffset": -1,
        "reload": 240,
        "recoilTime": 240,
        "recoil": -25,
        "pierce": true,
        "ignoreRotation": true,
        "faceTarget": false,
        "x": -17,
        "y": 35,
        "shootX": -10,
        "pierceCap": 9,
        "mirror": false,
        "rotate": true,
        "shootCone": 45,
        "rotationLimit": 10,
        "autoFindTarget": true,
        "rotateSpeed": 1,
        "bullet": {
            "type": "RailBulletType",
            "length": 15,
            "damage": 100,
            "lightningColor":  "#98FB98",
            "lightningLength": 10,
            "lightning": 12,
            "lightningDamage": 50
        }
    },
    {
        "name": "kimashotty2",
        "targetGround": true,
        "rotate": true,
        "rotationLimit": 60,
        "rotateSpeed": 1,
        "shootCone": 90,
        "reload": 30,
        "recoil": 6,
        "faceTarget": false,
        "pierce": true,
        "pierceCap": 3,
        "x": 23,
        "mirror": false,
        "shootEffect": "shootBigSmoke",
        "y": 13,
        "bullet": {
            "speed": 5,
            "lifetime": 20,
            "damage": 50,
            "height": 10,
            "width": 20
        }
    },
    {
        "name": "kimashotty2sub",
        "layerOffset": -1,
        "targetGround": true,
        "display": false,
        "rotate": true,
        "rotationLimit": 60,
        "rotateSpeed": 1,
        "shootCone": 90,
        "faceTarget": false,
        "reload": 20,
        "recoil": 6,
        "pierce": true,
        "pierceCap": 3,
        "x": 20,
        "mirror": false,
        "shootEffect": "shootBigSmoke",
        "y": 11,
        "bullet": {
            "speed": 5,
            "lifetime": 20,
            "damage": 50,
            "width": 10,
            "height": 20
        }
    },
    {
        "name": "kimarisMAXER-head",
        "mirror": false,
        "targetGround": true,
        "targetAir": true,
        "rotate": true,
        "rotationLimit": 95,
        "rotateSpeed": 1.3,
        "x": 0,
        "y": 7,
        "recoil": 0,
        "reload": 1000,
        "outline": false,
        "display": false,
        "bullet": {
            "type": "RailBulletType",
            "length": 0,
            "damage": 0
        }
    }
],
"abilities": [
{
    "display": true,
    "type": "RepairFieldAbility",
    "reload": 120,
    "range": 80,
    "healEffect": "heal",
    "activeEffect": "healWaveDynamic",
    "amount": 9
}
]
}