{
    "name": "Ork'ha",
    "description": "A powerful Invasion-class mothership. Has a very strong hull, potent shields, and manufactures it's own units within it's body. Despite the impressive defenses, the unit has not many offensive choices and relies mostly on it's sub-units.",
    "type": "flying",
    "template": "ErekirUnitType",
    "hitSize": 96,
    "speed": 1.5,
    "health": 30000,
    "armor": 15,
    "abilities": [
        {
         "type": "UnitSpawnAbility",
         "unit": "precept",
         "spawnTime": 360,
         "spawnX": 50,
         "spawnY": 45,
         "spawnEffect": "explosion",
         "parentizeEffects": true,
         "mirror": true,
         "display": true
       },
       {
        "type": "UnitSpawnAbility",
        "unit": "precept",
        "spawnTime": 360,
        "spawnX": -50,
        "spawnY": 45,
        "spawnEffect": "explosion",
        "parentizeEffects": true,
        "mirror": true,
        "display": true
      },
      {
        "type": "UnitSpawnAbility",
        "unit": "obviate",
        "spawnTime": 360,
        "spawnX": 35,
        "spawnY": 5,
        "spawnEffect": "explosion",
        "parentizeEffects": true,
        "mirror": true,
        "display": true
      },
      {
        "type": "UnitSpawnAbility",
        "unit": "obviate",
        "spawnTime": 360,
        "spawnX": -35,
        "spawnY": 5,
        "spawnEffect": "explosion",
        "parentizeEffects": true,
        "mirror": true,
        "display": true
      },
      {
        "type": "UnitSpawnAbility",
        "unit": "elude",
        "spawnTime": 160,
        "spawnX": -40,
        "spawnY": -30,
        "spawnEffect": "explosion",
        "parentizeEffects": true,
        "mirror": true,
        "display": true
      },
      {
        "type": "UnitSpawnAbility",
        "unit": "elude",
        "spawnTime": 160,
        "spawnX": 40,
        "spawnY": -30,
        "spawnEffect": "explosion",
        "parentizeEffects": true,
        "mirror": true,
        "display": true
      }
       ] 
       
}